algoritmo,n,t,d,m,tiempo_us,memoria_kb
naive,16,densa,D0,a,8,2492
strassen,16,densa,D0,a,696,2492
naive,1024,densa,D0,a,1555720,15836
strassen,1024,densa,D0,a,80997650,40384
naive,1024,densa,D0,b,1155264,15768
strassen,1024,densa,D0,b,76892844,40292
naive,1024,densa,D0,c,1032462,15816
strassen,1024,densa,D0,c,78306854,40364
naive,1024,densa,D10,a,916665,15776
strassen,1024,densa,D10,a,82152854,40324
naive,1024,densa,D10,b,1346942,15832
strassen,1024,densa,D10,b,77477244,40360
naive,1024,densa,D10,c,1024469,15796
strassen,1024,densa,D10,c,76709511,40344
naive,1024,diagonal,D0,a,952908,15888
strassen,1024,diagonal,D0,a,77466710,40404
naive,1024,diagonal,D0,b,1088131,15780
strassen,1024,diagonal,D0,b,78624149,40384
naive,1024,diagonal,D0,c,1349869,15884
strassen,1024,diagonal,D0,c,82856610,40432
naive,1024,diagonal,D10,a,1193937,15824
strassen,1024,diagonal,D10,a,76042277,40340
naive,1024,diagonal,D10,b,1193167,15836
strassen,1024,diagonal,D10,b,75991201,40384
naive,1024,diagonal,D10,c,1041014,15792
strassen,1024,diagonal,D10,c,73794927,40340
naive,1024,dispersa,D0,a,1176314,15824
strassen,1024,dispersa,D0,a,68023647,40348
naive,1024,dispersa,D0,b,194110,16036
strassen,1024,dispersa,D0,b,72504711,40588
naive,1024,dispersa,D0,c,345597,15932
strassen,1024,dispersa,D0,c,68119504,40480
naive,1024,dispersa,D10,a,224634,15824
strassen,1024,dispersa,D10,a,65851241,40408
naive,1024,dispersa,D10,b,221725,15960
strassen,1024,dispersa,D10,b,65776259,40508
naive,1024,dispersa,D10,c,224909,15836
strassen,1024,dispersa,D10,c,63263327,40384
naive,16,densa,D0,a,4,2496
strassen,16,densa,D0,a,1392,2496
naive,16,densa,D0,b,4,2496
strassen,16,densa,D0,b,1918,2496
naive,16,densa,D0,c,3,2496
strassen,16,densa,D0,c,1475,2496
naive,16,densa,D10,a,6,2496
strassen,16,densa,D10,a,633,2496
naive,16,densa,D10,b,4,2496
strassen,16,densa,D10,b,817,2496
naive,16,densa,D10,c,3,2496
strassen,16,densa,D10,c,1707,2496
naive,16,diagonal,D0,a,4,2496
strassen,16,diagonal,D0,a,1931,2496
naive,16,diagonal,D0,b,8,2496
strassen,16,diagonal,D0,b,1085,2496
naive,16,diagonal,D0,c,5,2496
strassen,16,diagonal,D0,c,620,2496
naive,16,diagonal,D10,a,4,2496
strassen,16,diagonal,D10,a,586,2496
naive,16,diagonal,D10,b,2,2496
strassen,16,diagonal,D10,b,587,2496
naive,16,diagonal,D10,c,3,2496
strassen,16,diagonal,D10,c,604,2496
naive,16,dispersa,D0,a,4,2496
strassen,16,dispersa,D0,a,594,2496
naive,16,dispersa,D0,b,2,2496
strassen,16,dispersa,D0,b,851,2496
naive,16,dispersa,D0,c,3,2496
strassen,16,dispersa,D0,c,589,2496
naive,16,dispersa,D10,a,4,2496
strassen,16,dispersa,D10,a,588,2496
naive,16,dispersa,D10,b,3,2496
strassen,16,dispersa,D10,b,968,2496
naive,16,dispersa,D10,c,4,2496
strassen,16,dispersa,D10,c,592,2496
naive,256,densa,D0,a,4752,4208
strassen,256,densa,D0,a,1392880,5788
naive,256,densa,D0,b,3897,4208
strassen,256,densa,D0,b,1413406,5788
naive,256,densa,D0,c,3730,4316
strassen,256,densa,D0,c,735579,6160
naive,256,densa,D10,a,3586,4272
strassen,256,densa,D10,a,1389708,5852
naive,256,densa,D10,b,3059,4260
strassen,256,densa,D10,b,1403397,6104
naive,256,densa,D10,c,3689,4220
strassen,256,densa,D10,c,1407180,5800
naive,256,diagonal,D0,a,3198,4152
strassen,256,diagonal,D0,a,1357977,5732
naive,256,diagonal,D0,b,4424,4216
strassen,256,diagonal,D0,b,1355353,5796
naive,256,diagonal,D0,c,3341,4340
strassen,256,diagonal,D0,c,1345992,6184
naive,256,diagonal,D10,a,4861,4360
strassen,256,diagonal,D10,a,1325652,6204
naive,256,diagonal,D10,b,3170,4176
strassen,256,diagonal,D10,b,1339301,5756
naive,256,diagonal,D10,c,3270,4204
strassen,256,diagonal,D10,c,1381728,5784
naive,256,dispersa,D0,a,4134,4280
strassen,256,dispersa,D0,a,1347294,5860
naive,256,dispersa,D0,b,3020,4152
strassen,256,dispersa,D0,b,1339632,5732
naive,256,dispersa,D0,c,4432,4248
strassen,256,dispersa,D0,c,1342932,5828
naive,256,dispersa,D10,a,4213,4420
strassen,256,dispersa,D10,a,1347070,6272
naive,256,dispersa,D10,b,2938,4212
strassen,256,dispersa,D10,b,1585073,5792
naive,256,dispersa,D10,c,7986,4268
strassen,256,dispersa,D10,c,1507965,6112
naive,64,densa,D0,a,62,2496
strassen,64,densa,D0,a,39214,3580
naive,64,densa,D0,b,65,2496
strassen,64,densa,D0,b,34913,3620
naive,64,densa,D0,c,137,2496
strassen,64,densa,D0,c,47364,3564
naive,64,densa,D10,a,57,2496
strassen,64,densa,D10,a,34695,3692
naive,64,densa,D10,b,64,2496
strassen,64,densa,D10,b,45550,3740
naive,64,densa,D10,c,54,2496
strassen,64,densa,D10,c,40862,3812
naive,64,diagonal,D0,a,54,2496
strassen,64,diagonal,D0,a,37881,3792
naive,64,diagonal,D0,b,158,2496
strassen,64,diagonal,D0,b,37480,3556
naive,64,diagonal,D0,c,58,2496
strassen,64,diagonal,D0,c,38090,3788
naive,64,diagonal,D10,a,63,2496
strassen,64,diagonal,D10,a,39947,3772
naive,64,diagonal,D10,b,102,2496
strassen,64,diagonal,D10,b,41422,3612
naive,64,diagonal,D10,c,54,2496
strassen,64,diagonal,D10,c,42008,3856
naive,64,dispersa,D0,a,154,2496
strassen,64,dispersa,D0,a,42653,3660
naive,64,dispersa,D0,b,51,2496
strassen,64,dispersa,D0,b,53906,3680
naive,64,dispersa,D0,c,155,2496
strassen,64,dispersa,D0,c,50641,3788
naive,64,dispersa,D10,a,49,2496
strassen,64,dispersa,D10,a,38038,3688
naive,64,dispersa,D10,b,77,2496
strassen,64,dispersa,D10,b,48002,3628
naive,64,dispersa,D10,c,51,2496
strassen,64,dispersa,D10,c,39261,3760
naive,1024,densa,D0,a,917723,15848
naive,1024,densa,D0,a,860557,15776
strassen,1024,densa,D0,a,659288,39796
naive,1024,densa,D0,b,772697,15780
strassen,1024,densa,D0,b,679579,39800
naive,1024,densa,D0,c,866259,15820
strassen,1024,densa,D0,c,679138,39840
naive,1024,densa,D10,a,858594,15884
strassen,1024,densa,D10,a,632842,39904
naive,1024,densa,D10,b,879371,15752
strassen,1024,densa,D10,b,689486,39772
naive,1024,densa,D10,c,933475,15896
strassen,1024,densa,D10,c,674578,39916
naive,1024,diagonal,D0,a,941964,15896
strassen,1024,diagonal,D0,a,657196,39916
naive,1024,diagonal,D0,b,844798,15780
strassen,1024,diagonal,D0,b,685320,39800
naive,1024,diagonal,D0,c,952614,15756
strassen,1024,diagonal,D0,c,1062045,39776
naive,1024,diagonal,D10,a,1222380,15884
strassen,1024,diagonal,D10,a,673435,39904
naive,1024,diagonal,D10,b,1235168,15820
strassen,1024,diagonal,D10,b,686430,39840
naive,1024,diagonal,D10,c,1288121,15772
strassen,1024,diagonal,D10,c,814618,39792
naive,1024,dispersa,D0,a,876458,15744
strassen,1024,dispersa,D0,a,660108,39764
naive,1024,dispersa,D0,b,971349,15772
strassen,1024,dispersa,D0,b,780269,39792
naive,1024,dispersa,D0,c,871769,15856
strassen,1024,dispersa,D0,c,676703,39876
naive,1024,dispersa,D10,a,921097,16004
strassen,1024,dispersa,D10,a,656664,40024
naive,1024,dispersa,D10,b,817510,15828
strassen,1024,dispersa,D10,b,669409,39848
naive,1024,dispersa,D10,c,799731,15740
strassen,1024,dispersa,D10,c,631833,39760
naive,16,densa,D0,a,4,2520
strassen,16,densa,D0,a,29,2520
naive,16,densa,D0,b,14,2520
strassen,16,densa,D0,b,12,2520
naive,16,densa,D0,c,5,2520
strassen,16,densa,D0,c,48,2520
naive,16,densa,D10,a,6,2520
strassen,16,densa,D10,a,65,2520
naive,16,densa,D10,b,32,2520
strassen,16,densa,D10,b,27,2520
naive,16,densa,D10,c,18,2520
strassen,16,densa,D10,c,29,2520
naive,16,diagonal,D0,a,8,2520
strassen,16,diagonal,D0,a,27,2520
naive,16,diagonal,D0,b,32,2520
strassen,16,diagonal,D0,b,44,2520
naive,16,diagonal,D0,c,6,2520
strassen,16,diagonal,D0,c,16,2520
naive,16,diagonal,D10,a,33,2520
strassen,16,diagonal,D10,a,30,2520
naive,16,diagonal,D10,b,22,2520
strassen,16,diagonal,D10,b,12,2520
naive,16,diagonal,D10,c,32,2520
strassen,16,diagonal,D10,c,29,2520
naive,16,dispersa,D0,a,24,2520
strassen,16,dispersa,D0,a,28,2520
naive,16,dispersa,D0,b,36,2520
strassen,16,dispersa,D0,b,20,2520
naive,16,dispersa,D0,c,25,2520
strassen,16,dispersa,D0,c,53,2520
naive,16,dispersa,D10,a,40,2520
strassen,16,dispersa,D10,a,33,2520
naive,16,dispersa,D10,b,4,2520
strassen,16,dispersa,D10,b,87,2520
naive,16,dispersa,D10,c,18,2520
strassen,16,dispersa,D10,c,159,2520
naive,256,densa,D0,a,5097,4232
strassen,256,densa,D0,a,15251,5812
naive,256,densa,D0,b,3638,4320
strassen,256,densa,D0,b,16821,5900
naive,256,densa,D0,c,4764,4240
strassen,256,densa,D0,c,16875,5820
naive,256,densa,D10,a,5043,4136
strassen,256,densa,D10,a,22160,5716
naive,256,densa,D10,b,4694,4280
strassen,256,densa,D10,b,14093,5860
naive,256,densa,D10,c,4911,4236
strassen,256,densa,D10,c,15006,5816
naive,256,diagonal,D0,a,6657,4108
strassen,256,diagonal,D0,a,10521,5688
naive,256,diagonal,D0,b,5537,4108
strassen,256,diagonal,D0,b,18679,5688
naive,256,diagonal,D0,c,3338,4268
strassen,256,diagonal,D0,c,17482,5848
naive,256,diagonal,D10,a,4728,4204
strassen,256,diagonal,D10,a,22382,5784
naive,256,diagonal,D10,b,4973,4160
strassen,256,diagonal,D10,b,15111,5740
naive,256,diagonal,D10,c,4108,4160
strassen,256,diagonal,D10,c,11197,5740
naive,256,dispersa,D0,a,3736,4148
strassen,256,dispersa,D0,a,19726,5728
naive,256,dispersa,D0,b,3221,4124
strassen,256,dispersa,D0,b,15506,5704
naive,256,dispersa,D0,c,4853,4208
strassen,256,dispersa,D0,c,26589,5788
naive,256,dispersa,D10,a,3331,4264
strassen,256,dispersa,D10,a,10939,5844
naive,256,dispersa,D10,b,4673,4320
strassen,256,dispersa,D10,b,15068,5900
naive,256,dispersa,D10,c,4718,4160
strassen,256,dispersa,D10,c,16663,5740
naive,64,densa,D0,a,58,2520
strassen,64,densa,D0,a,163,3516
naive,64,densa,D0,b,75,2520
strassen,64,densa,D0,b,408,3748
naive,64,densa,D0,c,99,2520
strassen,64,densa,D0,c,341,3752
naive,64,densa,D10,a,104,2520
strassen,64,densa,D10,a,371,3660
naive,64,densa,D10,b,61,2520
strassen,64,densa,D10,b,361,3532
naive,64,densa,D10,c,146,2520
strassen,64,densa,D10,c,173,3660
naive,64,diagonal,D0,a,171,2520
strassen,64,diagonal,D0,a,359,3568
naive,64,diagonal,D0,b,130,2520
strassen,64,diagonal,D0,b,444,2520
naive,64,diagonal,D0,c,109,2520
strassen,64,diagonal,D0,c,296,3568
naive,64,diagonal,D10,a,63,2520
strassen,64,diagonal,D10,a,184,2520
naive,64,diagonal,D10,b,81,2520
strassen,64,diagonal,D10,b,193,3752
naive,64,diagonal,D10,c,120,2520
strassen,64,diagonal,D10,c,167,3536
naive,64,dispersa,D0,a,178,2520
strassen,64,dispersa,D0,a,362,3696
naive,64,dispersa,D0,b,116,2520
strassen,64,dispersa,D0,b,422,3752
naive,64,dispersa,D0,c,53,2520
strassen,64,dispersa,D0,c,317,3656
naive,64,dispersa,D10,a,119,2520
strassen,64,dispersa,D10,a,365,3572
naive,64,dispersa,D10,b,127,2520
strassen,64,dispersa,D10,b,353,3620
naive,64,dispersa,D10,c,67,2520
strassen,64,dispersa,D10,c,304,3644
naive,1024,densa,D0,a,421074,15856
strassen,1024,densa,D0,a,834784,39936
naive,1024,densa,D0,b,394470,15960
strassen,1024,densa,D0,b,824930,39980
naive,1024,densa,D0,c,507663,15852
strassen,1024,densa,D0,c,881804,39932
naive,1024,densa,D10,a,529905,15832
strassen,1024,densa,D10,a,809988,39852
naive,1024,densa,D10,b,387859,15784
strassen,1024,densa,D10,b,906462,39804
naive,1024,densa,D10,c,-1513275,15992
strassen,1024,densa,D10,c,824191,40012
naive,1024,diagonal,D0,a,431264,15872
strassen,1024,diagonal,D0,a,852972,39892
naive,1024,diagonal,D0,b,393461,15920
strassen,1024,diagonal,D0,b,834249,39940
naive,1024,diagonal,D0,c,371252,15860
strassen,1024,diagonal,D0,c,805939,39940
naive,1024,diagonal,D10,a,368152,15812
strassen,1024,diagonal,D10,a,808808,39832
naive,1024,diagonal,D10,b,400558,15920
strassen,1024,diagonal,D10,b,813666,39940
naive,1024,diagonal,D10,c,383262,15784
strassen,1024,diagonal,D10,c,793972,39804
naive,1024,dispersa,D0,a,400618,15828
strassen,1024,dispersa,D0,a,801971,39848
naive,1024,dispersa,D0,b,412217,15832
strassen,1024,dispersa,D0,b,837883,39852
naive,1024,dispersa,D0,c,414500,15964
strassen,1024,dispersa,D0,c,826180,39984
naive,1024,dispersa,D10,a,418255,15816
strassen,1024,dispersa,D10,a,825904,39836
naive,1024,dispersa,D10,b,390787,15880
strassen,1024,dispersa,D10,b,840784,39900
naive,1024,dispersa,D10,c,382135,15876
strassen,1024,dispersa,D10,c,843560,39896
naive,16,densa,D0,a,37,2568
strassen,16,densa,D0,a,20,2568
naive,16,densa,D0,b,7,2568
strassen,16,densa,D0,b,20,2568
naive,16,densa,D0,c,9,2568
strassen,16,densa,D0,c,24,2568
naive,16,densa,D10,a,10,2568
strassen,16,densa,D10,a,20,2568
naive,16,densa,D10,b,9,2568
strassen,16,densa,D10,b,25,2568
naive,16,densa,D10,c,8,2568
strassen,16,densa,D10,c,16,2568
naive,16,diagonal,D0,a,7,2568
strassen,16,diagonal,D0,a,22,2568
naive,16,diagonal,D0,b,7,2568
strassen,16,diagonal,D0,b,22,2568
naive,16,diagonal,D0,c,7,2568
strassen,16,diagonal,D0,c,24,2568
naive,16,diagonal,D10,a,29,2568
strassen,16,diagonal,D10,a,33,2568
naive,16,diagonal,D10,b,6,2568
strassen,16,diagonal,D10,b,24,2568
naive,16,diagonal,D10,c,8,2568
strassen,16,diagonal,D10,c,23,2568
naive,16,dispersa,D0,a,6,2568
strassen,16,dispersa,D0,a,16,2568
naive,16,dispersa,D0,b,6,2568
strassen,16,dispersa,D0,b,23,2568
naive,16,dispersa,D0,c,11,2568
strassen,16,dispersa,D0,c,25,2568
naive,16,dispersa,D10,a,9,2568
strassen,16,dispersa,D10,a,19,2568
naive,16,dispersa,D10,b,8,2568
strassen,16,dispersa,D10,b,22,2568
naive,16,dispersa,D10,c,6,2568
strassen,16,dispersa,D10,c,26,2568
naive,256,densa,D0,a,9294,4212
strassen,256,densa,D0,a,29158,5792
naive,256,densa,D0,b,8425,4320
strassen,256,densa,D0,b,28417,5900
naive,256,densa,D0,c,8449,4176
strassen,256,densa,D0,c,29339,5756
naive,256,densa,D10,a,10417,4308
strassen,256,densa,D10,a,25976,5888
naive,256,densa,D10,b,7971,4164
strassen,256,densa,D10,b,28336,5744
naive,256,densa,D10,c,8658,4208
strassen,256,densa,D10,c,28020,5788
naive,256,diagonal,D0,a,6093,4208
strassen,256,diagonal,D0,a,33203,5788
naive,256,diagonal,D0,b,8061,4304
strassen,256,diagonal,D0,b,25721,5884
naive,256,diagonal,D0,c,8517,4164
strassen,256,diagonal,D0,c,29132,5744
naive,256,diagonal,D10,a,9251,4184
strassen,256,diagonal,D10,a,33248,5764
naive,256,diagonal,D10,b,8279,4212
strassen,256,diagonal,D10,b,28503,5792
naive,256,diagonal,D10,c,7549,4316
strassen,256,diagonal,D10,c,25720,5896
naive,256,dispersa,D0,a,9061,4292
strassen,256,dispersa,D0,a,27539,5872
naive,256,dispersa,D0,b,7878,4240
strassen,256,dispersa,D0,b,24144,5880
naive,256,dispersa,D0,c,9001,4432
strassen,256,dispersa,D0,c,18968,6012
naive,256,dispersa,D10,a,8787,4208
strassen,256,dispersa,D10,a,28200,5788
naive,256,dispersa,D10,b,8317,4348
strassen,256,dispersa,D10,b,26995,5928
naive,256,dispersa,D10,c,7303,4292
strassen,256,dispersa,D10,c,28248,5872
naive,64,densa,D0,a,211,2568
strassen,64,densa,D0,a,269,3712
naive,64,densa,D0,b,173,2568
strassen,64,densa,D0,b,395,3720
naive,64,densa,D0,c,111,2568
strassen,64,densa,D0,c,572,3724
naive,64,densa,D10,a,201,2568
strassen,64,densa,D10,a,490,3768
naive,64,densa,D10,b,211,2568
strassen,64,densa,D10,b,483,3576
naive,64,densa,D10,c,105,2568
strassen,64,densa,D10,c,724,3716
naive,64,diagonal,D0,a,91,2568
strassen,64,diagonal,D0,a,404,3860
naive,64,diagonal,D0,b,218,2568
strassen,64,diagonal,D0,b,641,3720
naive,64,diagonal,D0,c,157,2568
strassen,64,diagonal,D0,c,511,3860
naive,64,diagonal,D10,a,172,2568
strassen,64,diagonal,D10,a,370,3632
naive,64,diagonal,D10,b,176,2568
strassen,64,diagonal,D10,b,619,3576
naive,64,diagonal,D10,c,161,2568
strassen,64,diagonal,D10,c,416,3712
naive,64,dispersa,D0,a,159,2568
strassen,64,dispersa,D0,a,533,3604
naive,64,dispersa,D0,b,146,2568
strassen,64,dispersa,D0,b,417,3592
naive,64,dispersa,D0,c,152,2568
strassen,64,dispersa,D0,c,342,3856
naive,64,dispersa,D10,a,89,2568
strassen,64,dispersa,D10,a,438,3608
naive,64,dispersa,D10,b,216,2568
strassen,64,dispersa,D10,b,526,3712
naive,64,dispersa,D10,c,90,2568
strassen,64,dispersa,D10,c,515,3700
naive,1024,densa,D0,a,245793,15844
strassen,1024,densa,D0,a,401181,35976
naive,1024,densa,D0,b,230906,15716
strassen,1024,densa,D0,b,417201,35776
naive,1024,densa,D0,c,236353,15884
strassen,1024,densa,D0,c,406351,35892
naive,1024,densa,D10,a,232740,16004
strassen,1024,densa,D10,a,412458,35772
naive,1024,densa,D10,b,233388,15768
strassen,1024,densa,D10,b,414127,35832
naive,1024,densa,D10,c,212966,15796
strassen,1024,densa,D10,c,395591,35996
naive,1024,diagonal,D0,a,217351,15724
strassen,1024,diagonal,D0,a,445603,35800
naive,1024,diagonal,D0,b,240753,15744
strassen,1024,diagonal,D0,b,421249,35816
naive,1024,diagonal,D0,c,213133,15792
strassen,1024,diagonal,D0,c,431983,36068
naive,1024,diagonal,D10,a,225483,15932
strassen,1024,diagonal,D10,a,409077,35944
naive,1024,diagonal,D10,b,226442,15752
strassen,1024,diagonal,D10,b,408483,35784
naive,1024,diagonal,D10,c,225256,15744
strassen,1024,diagonal,D10,c,427621,35828
naive,1024,dispersa,D0,a,220023,15752
strassen,1024,dispersa,D0,a,407931,35852
naive,1024,dispersa,D0,b,-2231132,15936
strassen,1024,dispersa,D0,b,480913,35896
naive,1024,dispersa,D0,c,263536,15752
strassen,1024,dispersa,D0,c,416071,35852
naive,1024,dispersa,D10,a,223676,15820
strassen,1024,dispersa,D10,a,415915,35812
naive,1024,dispersa,D10,b,211573,15756
strassen,1024,dispersa,D10,b,437823,35976
naive,1024,dispersa,D10,c,227501,15756
strassen,1024,dispersa,D10,c,409322,35780
naive,16,densa,D0,a,4,2476
strassen,16,densa,D0,a,11,2476
naive,16,densa,D0,b,4,2476
strassen,16,densa,D0,b,19,2476
naive,16,densa,D0,c,3,2476
strassen,16,densa,D0,c,9,2476
naive,16,densa,D10,a,5,2476
strassen,16,densa,D10,a,10,2476
naive,16,densa,D10,b,5,2476
strassen,16,densa,D10,b,15,2476
naive,16,densa,D10,c,5,2476
strassen,16,densa,D10,c,11,2476
naive,16,diagonal,D0,a,4,2476
strassen,16,diagonal,D0,a,10,2476
naive,16,diagonal,D0,b,4,2476
strassen,16,diagonal,D0,b,12,2476
naive,16,diagonal,D0,c,3,2476
strassen,16,diagonal,D0,c,11,2476
naive,16,diagonal,D10,a,5,2476
strassen,16,diagonal,D10,a,10,2476
naive,16,diagonal,D10,b,4,2476
strassen,16,diagonal,D10,b,15,2476
naive,16,diagonal,D10,c,6,2476
strassen,16,diagonal,D10,c,12,2476
naive,16,dispersa,D0,a,3,2476
strassen,16,dispersa,D0,a,9,2476
naive,16,dispersa,D0,b,5,2476
strassen,16,dispersa,D0,b,9,2476
naive,16,dispersa,D0,c,6,2476
strassen,16,dispersa,D0,c,12,2476
naive,16,dispersa,D10,a,7,2476
strassen,16,dispersa,D10,a,9,2476
naive,16,dispersa,D10,b,10,2476
strassen,16,dispersa,D10,b,12,2476
naive,16,dispersa,D10,c,4,2476
strassen,16,dispersa,D10,c,11,2476
naive,256,densa,D0,a,3511,4300
strassen,256,densa,D0,a,7844,5420
naive,256,densa,D0,b,2875,4220
strassen,256,densa,D0,b,8278,5392
naive,256,densa,D0,c,3430,4324
strassen,256,densa,D0,c,9800,5452
naive,256,densa,D10,a,3288,4272
strassen,256,densa,D10,a,8635,5520
naive,256,densa,D10,b,3053,4152
strassen,256,densa,D10,b,8804,5496
naive,256,densa,D10,c,3106,4112
strassen,256,densa,D10,c,9482,5588
naive,256,diagonal,D0,a,3364,4136
strassen,256,diagonal,D0,a,9710,5632
naive,256,diagonal,D0,b,3475,4268
strassen,256,diagonal,D0,b,7978,5704
naive,256,diagonal,D0,c,3265,4136
strassen,256,diagonal,D0,c,9066,5536
naive,256,diagonal,D10,a,3772,4176
strassen,256,diagonal,D10,a,9851,5492
naive,256,diagonal,D10,b,2885,4176
strassen,256,diagonal,D10,b,8979,5612
naive,256,diagonal,D10,c,3937,4388
strassen,256,diagonal,D10,c,8965,5448
naive,256,dispersa,D0,a,3332,4176
strassen,256,dispersa,D0,a,8683,5528
naive,256,dispersa,D0,b,2893,4288
strassen,256,dispersa,D0,b,10111,5492
naive,256,dispersa,D0,c,3806,4260
strassen,256,dispersa,D0,c,9291,5456
naive,256,dispersa,D10,a,3179,4132
strassen,256,dispersa,D10,a,8890,5592
naive,256,dispersa,D10,b,2999,4132
strassen,256,dispersa,D10,b,8838,5704
naive,256,dispersa,D10,c,3300,4300
strassen,256,dispersa,D10,c,10537,5456
naive,64,densa,D0,a,66,2476
strassen,64,densa,D0,a,181,2476
naive,64,densa,D0,b,62,2476
strassen,64,densa,D0,b,134,2476
naive,64,densa,D0,c,171,2476
strassen,64,densa,D0,c,181,2476
naive,64,densa,D10,a,63,2476
strassen,64,densa,D10,a,114,2476
naive,64,densa,D10,b,70,2476
strassen,64,densa,D10,b,240,2476
naive,64,densa,D10,c,57,2476
strassen,64,densa,D10,c,139,2476
naive,64,diagonal,D0,a,71,2476
strassen,64,diagonal,D0,a,120,2476
naive,64,diagonal,D0,b,65,2476
strassen,64,diagonal,D0,b,114,2476
naive,64,diagonal,D0,c,56,2476
strassen,64,diagonal,D0,c,117,2476
naive,64,diagonal,D10,a,76,2476
strassen,64,diagonal,D10,a,138,2476
naive,64,diagonal,D10,b,51,2476
strassen,64,diagonal,D10,b,136,2476
naive,64,diagonal,D10,c,145,2476
strassen,64,diagonal,D10,c,114,2476
naive,64,dispersa,D0,a,59,2476
strassen,64,dispersa,D0,a,296,2476
naive,64,dispersa,D0,b,58,2476
strassen,64,dispersa,D0,b,137,2476
naive,64,dispersa,D0,c,56,2476
strassen,64,dispersa,D0,c,112,2476
naive,64,dispersa,D10,a,65,2476
strassen,64,dispersa,D10,a,220,2476
naive,64,dispersa,D10,b,63,2476
strassen,64,dispersa,D10,b,478,2476
naive,64,dispersa,D10,c,58,2476
strassen,64,dispersa,D10,c,137,2476
naive,1024,densa,D0,a,426938,15808
strassen,1024,densa,D0,a,708053,35788
naive,1024,densa,D0,b,496227,15748
strassen,1024,densa,D0,b,1028937,35856
naive,1024,densa,D0,c,661141,15780
strassen,1024,densa,D0,c,1041110,35856
naive,1024,densa,D10,a,689872,15852
strassen,1024,densa,D10,a,998576,35820
naive,1024,densa,D10,b,675688,15868
strassen,1024,densa,D10,b,1066918,35820
naive,1024,densa,D10,c,672313,15744
strassen,1024,densa,D10,c,1087196,35860
naive,1024,diagonal,D0,a,715850,15748
strassen,1024,diagonal,D0,a,1000086,35864
naive,1024,diagonal,D0,b,656701,15780
strassen,1024,diagonal,D0,b,1030021,35828
naive,1024,diagonal,D0,c,639169,15868
strassen,1024,diagonal,D0,c,1052988,35912
naive,1024,diagonal,D10,a,620133,15844
strassen,1024,diagonal,D10,a,1098683,35948
naive,1024,diagonal,D10,b,667702,15764
strassen,1024,diagonal,D10,b,1057368,35856
naive,1024,diagonal,D10,c,637191,15740
strassen,1024,diagonal,D10,c,968296,35804
naive,1024,dispersa,D0,a,687348,15764
strassen,1024,dispersa,D0,a,1134760,35928
naive,1024,dispersa,D0,b,648448,15796
strassen,1024,dispersa,D0,b,1088544,35796
naive,1024,dispersa,D0,c,683692,15740
strassen,1024,dispersa,D0,c,1048897,35864
naive,1024,dispersa,D10,a,642678,15804
strassen,1024,dispersa,D10,a,966163,35856
naive,1024,dispersa,D10,b,673662,15744
strassen,1024,dispersa,D10,b,979401,35908
naive,1024,dispersa,D10,c,345667,15796
strassen,1024,dispersa,D10,c,933728,35908
naive,16,densa,D0,a,10,2528
strassen,16,densa,D0,a,23,2528
naive,16,densa,D0,b,14,2528
strassen,16,densa,D0,b,23,2528
naive,16,densa,D0,c,9,2528
strassen,16,densa,D0,c,22,2528
naive,16,densa,D10,a,49,2528
strassen,16,densa,D10,a,23,2528
naive,16,densa,D10,b,6,2528
strassen,16,densa,D10,b,22,2528
naive,16,densa,D10,c,6,2528
strassen,16,densa,D10,c,17,2528
naive,16,diagonal,D0,a,9,2528
strassen,16,diagonal,D0,a,25,2528
naive,16,diagonal,D0,b,9,2528
strassen,16,diagonal,D0,b,24,2528
naive,16,diagonal,D0,c,9,2528
strassen,16,diagonal,D0,c,23,2528
naive,16,diagonal,D10,a,9,2528
strassen,16,diagonal,D10,a,23,2528
naive,16,diagonal,D10,b,9,2528
strassen,16,diagonal,D10,b,25,2528
naive,16,diagonal,D10,c,12,2528
strassen,16,diagonal,D10,c,25,2528
naive,16,dispersa,D0,a,9,2528
strassen,16,dispersa,D0,a,24,2528
naive,16,dispersa,D0,b,10,2528
strassen,16,dispersa,D0,b,23,2528
naive,16,dispersa,D0,c,10,2528
strassen,16,dispersa,D0,c,21,2528
naive,16,dispersa,D10,a,9,2528
strassen,16,dispersa,D10,a,24,2528
naive,16,dispersa,D10,b,24,2528
strassen,16,dispersa,D10,b,23,2528
naive,16,dispersa,D10,c,10,2528
strassen,16,dispersa,D10,c,26,2528
naive,256,densa,D0,a,8844,4136
strassen,256,densa,D0,a,18440,5544
naive,256,densa,D0,b,9437,4236
strassen,256,densa,D0,b,22476,5460
naive,256,densa,D0,c,7902,4144
strassen,256,densa,D0,c,19535,5440
naive,256,densa,D10,a,7586,4132
strassen,256,densa,D10,a,22954,5476
naive,256,densa,D10,b,8774,4120
strassen,256,densa,D10,b,22433,5484
naive,256,densa,D10,c,8698,4120
strassen,256,densa,D10,c,24218,5508
naive,256,diagonal,D0,a,5056,4116
strassen,256,diagonal,D0,a,23071,5444
naive,256,diagonal,D0,b,9138,4192
strassen,256,diagonal,D0,b,24591,5440
naive,256,diagonal,D0,c,9287,4148
strassen,256,diagonal,D0,c,21140,5468
naive,256,diagonal,D10,a,8917,4184
strassen,256,diagonal,D10,a,20823,5580
naive,256,diagonal,D10,b,8845,4112
strassen,256,diagonal,D10,b,22427,5564
naive,256,diagonal,D10,c,7270,4128
strassen,256,diagonal,D10,c,24155,5492
naive,256,dispersa,D0,a,11891,4144
strassen,256,dispersa,D0,a,22923,5440
naive,256,dispersa,D0,b,10176,4136
strassen,256,dispersa,D0,b,22070,5460
naive,256,dispersa,D0,c,8628,4148
strassen,256,dispersa,D0,c,23235,5548
naive,256,dispersa,D10,a,10600,4124
strassen,256,dispersa,D10,a,23810,5576
naive,256,dispersa,D10,b,6748,4148
strassen,256,dispersa,D10,b,27269,5468
naive,256,dispersa,D10,c,9255,4184
strassen,256,dispersa,D10,c,23031,5460
naive,64,densa,D0,a,162,2528
strassen,64,densa,D0,a,314,2528
naive,64,densa,D0,b,231,2528
strassen,64,densa,D0,b,247,2528
naive,64,densa,D0,c,128,2528
strassen,64,densa,D0,c,310,2528
naive,64,densa,D10,a,199,2528
strassen,64,densa,D10,a,330,2528
naive,64,densa,D10,b,194,2528
strassen,64,densa,D10,b,314,2528
naive,64,densa,D10,c,101,2528
strassen,64,densa,D10,c,349,2528
naive,64,diagonal,D0,a,226,2528
strassen,64,diagonal,D0,a,373,2528
naive,64,diagonal,D0,b,163,2528
strassen,64,diagonal,D0,b,311,2528
naive,64,diagonal,D0,c,164,2528
strassen,64,diagonal,D0,c,777,2528
naive,64,diagonal,D10,a,112,2528
strassen,64,diagonal,D10,a,494,2528
naive,64,diagonal,D10,b,185,2528
strassen,64,diagonal,D10,b,391,2528
naive,64,diagonal,D10,c,235,2528
strassen,64,diagonal,D10,c,369,2528
naive,64,dispersa,D0,a,198,2528
strassen,64,dispersa,D0,a,331,2528
naive,64,dispersa,D0,b,159,2528
strassen,64,dispersa,D0,b,311,2528
naive,64,dispersa,D0,c,159,2528
strassen,64,dispersa,D0,c,313,2528
naive,64,dispersa,D10,a,161,2528
strassen,64,dispersa,D10,a,310,2528
naive,64,dispersa,D10,b,90,2528
strassen,64,dispersa,D10,b,354,2528
naive,64,dispersa,D10,c,293,2528
strassen,64,dispersa,D10,c,388,2528
